{
  "best_metric": null,
  "best_model_checkpoint": null,
  "epoch": 31.746031746031747,
  "eval_steps": 500,
  "global_step": 2000,
  "is_hyper_param_search": false,
  "is_local_process_zero": true,
  "is_world_process_zero": true,
  "log_history": [
    {
      "epoch": 7.936507936507937,
      "grad_norm": 4.926112651824951,
      "learning_rate": 7.507507507507507e-06,
      "loss": 2.8996,
      "step": 500
    },
    {
      "epoch": 15.873015873015873,
      "grad_norm": 3.09737229347229,
      "learning_rate": 5.005005005005006e-06,
      "loss": 1.6683,
      "step": 1000
    },
    {
      "epoch": 23.80952380952381,
      "grad_norm": 3.178421974182129,
      "learning_rate": 2.502502502502503e-06,
      "loss": 1.5629,
      "step": 1500
    },
    {
      "epoch": 31.746031746031747,
      "grad_norm": 3.2467563152313232,
      "learning_rate": 0.0,
      "loss": 1.507,
      "step": 2000
    }
  ],
  "logging_steps": 500,
  "max_steps": 2000,
  "num_input_tokens_seen": 0,
  "num_train_epochs": 32,
  "save_steps": 500,
  "stateful_callbacks": {
    "TrainerControl": {
      "args": {
        "should_epoch_stop": false,
        "should_evaluate": false,
        "should_log": false,
        "should_save": true,
        "should_training_stop": true
      },
      "attributes": {}
    }
  },
  "total_flos": 603140895277056.0,
  "train_batch_size": 32,
  "trial_name": null,
  "trial_params": null
}
